city,hotel_name,address,rating,review_count,price
Delhi,Hotel O J P Inn Near Patel Nagar Metro Station,"Near Patel Nagar Metro, Block 1, Delhi",4.1,214,₹1394
Delhi,Townhouse Hotel Lotus Palace,"Near CR Park Market 1, Govindpuri Extension, Delhi",3.5,69,₹1084
Delhi,Super Collection O Lotus Bed & Breakfast,"L-2,  1st Floor, B Block, Near Kabootar Chowk, C R Park Near CR Park Market 1, Pamposh Enclave, Delhi",4.8,94,₹1066
Delhi,Hotel O The Moon,"New Delhi , Delhi",5,5,
Delhi,Hotel O Kalkaji Residency Bnb Near Lotus Temple,"Near Govind Puri Metro Station, Delhi",4.6,842,₹840
Delhi,Collection O by OYO Ramhan,"Near Patel Nagar Metro Station, East Patel Nagar, Delhi",4.3,140,₹2137
Delhi,Super Collection O Hamilton Hotel,"Panchsheel Park South, Delhi",4.2,580,₹2104
Delhi,Townhouse Karol Bagh Formerly Hotel Unistar,"Near Faiz Road, Karol Bagh, Delhi",4.4,631,₹1680
Delhi,Super Hotel Delhi Darbar,"Near Karol Bagh, WEA, Delhi",4.9,1423,₹750
Delhi,Super Hotel O Gem 92,"Near Kalkaji Mandir Metro Station, Delhi",4,1125,₹1081
Delhi,Palette Hotel Cotts Villa Vasant Kunj New Delhi,"Bhawani Kunj, Delhi",4.5,39,₹2240
Delhi,Super Hotel O Grand Peepal,"Near Karol Bagh metro, WEA, Delhi",4.7,130,₹1022
Delhi,Townhouse Arakashan Road Paharganj Formerly Mohan international,"Near New Delhi Railway Station, Delhi",4.6,2461,₹1111
Delhi,Hotel O by OYO HERITAGE RESIDENCY,"Near Deshbandhu College Bus Stand, Kalkaji, Delhi",4.4,4,₹812
Delhi,Hotel O by OYO Prachi villa,"Near GTB nagar metro station, Delhi",,,
Delhi,Super Townhouse Sunrise Villa,"Near Deshbandhu College, Kalkaji, Delhi",4.4,226,₹1084
Delhi,Hotel O Delhi Continental,"Near new delhi Railway stn, multani dhanda, Delhi",3.7,6,
Delhi,Hotel O BalaG,"Paharganj, Delhi",2,6,
Delhi,Super Townhouse Hotel City Castle,"Near Karol Bagh, Nai Walan, Delhi",4,452,₹1119
Delhi,Hotel O Aura Palace Deluxe,"New Delhi-110055, Delhi",3.9,565,₹611
Delhi,Hotel O by OYO F FIVE,Near Kailash Colony Metro Station,4,1,
Delhi,Hotel O Sweet Palace,"Plot no.63 A Bhati nivas  Near epitome lorence hospital khazirabad New friends colony, Delhi",4.9,243,₹769
Delhi,Super Hotel O Paharganj,"8572 Arakashan Road, Pahar Ganj , New Delhi 110055",4.4,1096,₹1000
Delhi,Hotel O Hotel Landmark Inn,Near Karol Bagh Metro Station,4.6,822,₹888
Delhi,Hotel O The Sterling New Delhi railway station,"Paharganj, Delhi",4.7,2,
Delhi,Townhouse 094 HOTEL MORO,"Near Peera Garhi Metro Station, Delhi",4.3,221,₹1295
Delhi,Hotel O Discovery Inn,"Near Jasola Vihar, Madanpur Khadar Village, Delhi",3.6,19,₹809
Delhi,Hotel O S Deluxe,"Paharganj, Delhi",4.2,19,
Delhi,Hotel O Merry Gold,"Near Rk Ashram Metro, Pahar Ganj, Delhi",3.8,13,₹1168
Delhi,Super Townhouse Rohini Sector 18 Formerly Relic Stay,"Near Samaypur Badli, Pocket 1, Delhi",4.8,1445,₹1058
Delhi,Super HOTEL O DREAM TOWN,"Near Aero City, Mahipalpur Extension, Delhi",4.8,686,₹654
Delhi,Hotel O 3bs House Dx,"Karol Bagh, Delhi",3.5,30,
Delhi,Townhouse South Valley,"Near Iskcon Temple, kailash , Delhi",4.7,258,
Delhi,Hotel O by OYO Bramhaputra,"Near Thatipur Petrol Pump, Jiwaji Nagar, Gwalior",5,3,
Delhi,Hotel O SATGURU RASIDENCY DWARKA MOR,"Near R S Dhaba, Metro Pillars no 799",4.9,107,₹680
Delhi,Hotel O PP RESIDENCY,"Near Tilak Nagar, Fateh Nagar, Delhi",3.7,309,₹718
Delhi,Hotel O Karan Residency,"New Delhi, Delhi",3.5,37,₹712
Delhi,Hotel O Karan stay,"Near State Bank Atm, Sector 7 Dwarka, Delhi",3.5,355,₹680
Delhi,Collection O West Vinod Nagar Metro Station Formerly Royal Inn,"Joshi Colony, Delhi",4.5,787,₹932
Delhi,Hotel O J Joy,"MAIN FAIZ ROAD (Above SBI BANK), KAROL BAGH",4.4,92,
Delhi,Hotel O Premium Rooms,"Near DD Mall, MLB Road, Gwalior",4,54,₹753
Delhi,Capital O Hotel Moody Inn,"Kothi No 55,Pkt- 11, Rohini Sector 5, Rajiv Enclave Near Rithala Metro Delhi",5,1102,₹946
Delhi,Super Hotel O Shivam Residency,"Saket, Delhi",4.4,628,₹454
Delhi,Collection O Agniv Residency Near Saket Metro,"Near KD plaza,IGNOU Road,Neb sarai ,Saket",4.5,1701,₹449
Delhi,Super Hotel O Paharganj,"8572 Arakashan Road, Pahar Ganj , New Delhi 110055",4.4,1096,₹1000
Delhi,Super Hotel Delhi Darbar,"Near Karol Bagh, WEA, Delhi",4.9,1423,₹750
Delhi,Super Townhouse DSIDC Bawana Formerly Kanhaiya Residency,"Bawana, Delhi",4.6,83,₹658
Delhi,Super Collection O Sector 7 Dwarka Formerly Aakarshan Residency,"Dwarka, Delhi",4.3,72,₹856
Delhi,Townhouse Pitampura West Enclave,"West Enclave Pitampura, Delhi",4.7,1047,₹1377
Delhi,Super Townhouse Grand Pacific Ocean,"Wz-3 Opp Pillor No 322 Moti Nagar Delhi, Delhi",4.9,3434,₹729
Delhi,Super Townhouse Sunrise Villa,"Near Deshbandhu College, Kalkaji, Delhi",4.4,226,₹1084
Delhi,Hotel O High Sky,"Near Palam Metro Station, Palam Colony, Delhi",4.4,82,₹737
Delhi,Super Hotel O Park View,"gazipur, Delhi",4.8,462,₹567
Delhi,Super Collection O Palam Near Railway Station,"Near New Prakash Watch Company, Delhi",4.7,827,₹987
Delhi,Hotel O The Premium Villla,Near lajpat nagar metro station,4.4,246,₹909
Delhi,Townhouse Super Anmol Residency,"New Delhi, Delhi",4.5,729,₹469
Delhi,Hotel O Green Park Residency 2,"behind Ramsons Southend Near Green park metro station gate No 3, Delhi",4.3,446,₹591
Delhi,Hotel O PP RESIDENCY,"Near Tilak Nagar, Fateh Nagar, Delhi",3.7,309,₹718
Delhi,Super Hotel O Diamond Home Stay,"Mayur Vihar, Delhi",4.9,522,₹1045
Delhi,Super Hotel O Silver Key,"Ajay enclave Ashok Nagar near Subash Nagar metro station New Delhi null, Delhi",4.7,104,₹731
Mumbai,Hotel O Royal Grand Near Chhatrapati Shivaji International Airport,"Near Sakinaka Metro Station, Andheri East, Mumbai",3.6,40,₹1342
Mumbai,Hotel O by OYO paradise,"Near Airport Road Metro Station, Andheri, Mumbai",4,1,
Mumbai,Collection O by OYO Suncity Premiere,"Near Seepz, Andheri East, Mumbai",4.6,6,₹4883
Mumbai,Hotel O Blue Pearl Residency Near Chhatrapati Shivaji International Airport,"On main street, Near Asalpha Metro Station, Ghatkopar, Mumbai",3.5,397,₹1198
Mumbai,Super Collection O Airport Metro Andheri East,"Andheri East, Mumbai",4.3,1088,₹1635
Mumbai,Hotel O Ak Palace Near Chhatrapati Shivaji International Airport,"On main street, Near Asalpha Metro Station, Sainaka, Mumbai",3.1,101,₹1061
Mumbai,Hotel O Rana Residency Near Western Express Highway Metro Station,"Tolany Naka, Sher-e-Punjab Colony, Mumbai",3.9,174,₹979
Mumbai,Super Capital O PARK RESIDENCY,"Mumbai, Mumbai",4,100,₹1329
Mumbai,Capital O Hotel Konar Inn,"Navi Mumbai, Mumbai",3.9,305,₹1339
Mumbai,Super Collection O Asalpha near International Airport,"Near Asalpha Metro Station, Dhumai Estate, Mumbai",4.2,1309,₹1652
Mumbai,Hotel O Golden Nest Near Chhatrapati Shivaji International Airport,"Near Bajsons Industries, Andheri East, Mumbai",4.2,616,₹1534
Mumbai,Super Townhouse Bombay Exhibition Centre Goregaon,"Ram Mandir Road,Goregaon West, Mumbai",4.8,1708,₹2306
Mumbai,Hotel O Balaji Suite,"Near Balaji Business Park, Marol Naka, Mumbai",5,1,₹1817
Mumbai,Super Hotel O Divine Residency Near Phoenix Marketcity,"Near Chirag Nagar Police Station, LBS Marg, Mumbai",5,131,₹3639
Mumbai,Hotel O Blue Ocean Near R City Mall,"kailash industrial complex, near kailash business park, vikhroli west, Mumbai",4.2,119,₹1768
Mumbai,Hotel O Palace Inn Near Don Bosco (Borivali) Metro Station,"Near Mangalmurti Hospital, Gorai Naka, Mumbai",4.4,197,₹2050
Mumbai,Hotel O Lotus Residency Near Anand Nagar Metro Station,"Near Dahisar Toll Plaza, Mira Bhayandar, Mumbai",3.3,393,₹1256
Mumbai,Hotel O Gems,"Near APMC Police Station, Navi Mumbai, Mumbai",3.8,216,₹1244
Mumbai,Hotel O Golden Arch,"Near Vakola Police station, Santa Cruz East, Mumbai",3.9,37,₹1510
Mumbai,Hotel O RK Residency,"Near Ram Krishna Mandir Road, Andheri East, Mumbai",3.6,726,₹1480
Mumbai,Collection O Sector 5 Sanpada Formerly Opal Comforts,"Navi Mumbai, Mumbai",4.4,1018,₹1250
Mumbai,Super Townhouse Oak Vashi,"Vashi, Mumbai",4.8,1665,₹1808
Mumbai,Super Townhouse Oak New Nashik Highway Kalyan Bhiwandi,"Bhiwandi, Mumbai",4.5,89,₹887
Mumbai,Capital O Hotel Konar Inn,"Navi Mumbai, Mumbai",3.9,305,₹1339
Mumbai,Collection O Goregaon Near Film City Formerly Cupid,"Malad East, Mumbai",4.1,1090,₹1204
Mumbai,Hotel Yatri Inn Vashi Navi Mumbai,"Sector 26, Mumbai",3.9,466,₹1071
Mumbai,Super Collection O Ghodbunder Road Formerly Sanwith Residency,"House No 27 Ward No 30 Ghodbunder Road Village Chena, Mumbai",4.5,1149,₹1274
Mumbai,Super Hotel O Yatri Yadgar,"Vashi Navi Mumbai, Mumbai",4.2,282,₹1244
Mumbai,Townhouse Vangani Railway Station Formerly Hotel Chadha,"Ambarnath, Mumbai",4.8,54,₹921
Mumbai,Hotel O Bhumi World,"Thane, Mumbai",4.2,481,₹1257
Mumbai,Super Capital O PARK RESIDENCY,"Mumbai, Mumbai",4,100,₹1329
Mumbai,Super Hotel O Santacruz Railway Junction Formerly Kharsubway,"Santacruz East, Mumbai",4.5,156,₹2020
Mumbai,Super Hotel O Palava Dombivali,"Thane, Mumbai",4.7,1949,₹1050
Mumbai,Hotel O Jagruti Nagar Ghatkopar Formerly Icy Cool,"Ghatkopar West, Mumbai",4.1,59,₹2014
Mumbai,Hotel O Bhiwandi Road Railway Station Formerly Shivneri,"Bhiwandi Wada, Mumbai",4.5,6,₹584
Mumbai,[Day Stay - 12 Hrs Slot: 8 AM to 8 PM] Collection O Vangani Railway Station Hotel Chadha,"Ward No. 5, Mumbai",5,3,₹716
Mumbai,Hotel O Golden Suites,"Navi Mumbai, Mumbai",4.3,249,₹1066
Mumbai,Super Hotel O Gymkhana Dombivli Mumbai,"Dombivili East, Mumbai",4.5,98,₹1231
Mumbai,Hotel O 24/7 Residency,"Navi Mumbai, Mumbai",3.7,53,₹1066
Mumbai,Hotel Orange Residency,"Near Asalpha Metro Station, Asalpha, Mumbai",4.4,186,₹1339
Mumbai,Super Townhouse Andheri Sakinaka Metro Formerly Hotel Amour,"Near Peninsula grand hotel, Mumbai",4.8,201,₹1239
Mumbai,Hotel O Tawakkal Guest house,"BAIL BAZAAR. KURLA WEST, Mumbai",3.5,35,₹1320
Mumbai,Hotel O Ulhasnagar Railway Junction Formerly Garden Inn,"Ulhasnagar, Mumbai",4.5,1,₹1274
Mumbai,Hotel O Grand Villa,"Andheri west. Mumbai, Mumbai",3.7,78,₹1286
Mumbai,Super Collection O Lokhandwala Andheri West Formerly White Star,"Near Jankidevi School Rd, SV Patel Nagar, Mumbai",4.7,1259,₹1998
Mumbai,Hotel O Palace Inn Near Don Bosco (Borivali) Metro Station,"Near Mangalmurti Hospital, Gorai Naka, Mumbai",4.4,197,₹2050
Mumbai,Hotel O My Choice,"Sakinaka. Mumbai- 400072Andheri East, Mumbai",4.1,56,₹1342
Mumbai,Hotel O Class Inn,"Sakinaka. Andheri East. Mumbai- 400072, Mumbai",3.3,42,₹1342
Mumbai,Super Collection O Sakinaka Mumbai Airport T2,"Saki Naka, Mumbai",4.5,428,₹1671
Mumbai,Super Collection O Asalpha near International Airport,"Near Asalpha Metro Station, Dhumai Estate, Mumbai",4.2,1309,₹1652
Mumbai,Hotel O Royal Inn,"Ulhasnagar, Mumbai",,,₹1070
Mumbai,Hotel O Shiv Vandana Inn,"near 3 petrol pump, Mumbai",3.8,94,₹1859
Mumbai,Hotel O Blue Ocean Near R City Mall,"kailash industrial complex, near kailash business park, vikhroli west, Mumbai",4.2,119,₹1768
Mumbai,Collection O IIM Mumbai Formerly Green View,"Powai, Mumbai",,,₹1309
Mumbai,Hotel O SHUBHAM LODGING & BOARDING Shahad Railway Station,"ulhasnagar Nagar, Mumbai",3,1,₹1187
Mumbai,Super Hotel O Sunrise Suites,"Mumbai- , Mumbai",4.2,64,₹2536
Mumbai,Super Collection O Thane Formerly Dove Residency,"Bhayander Pada Thane, Mumbai",4.4,1282,₹1674
Mumbai,Super Hotel O Solitaire,"Vashi, Mumbai",4.3,310,₹1510
Mumbai,Hotel O Lotus Residency Near Anand Nagar Metro Station,"Near Dahisar Toll Plaza, Mira Bhayandar, Mumbai",3.3,393,₹1256
Mumbai,Hotel O Didar House,"Maharashtra, Mumbai",4,89,₹1157
Pune,Collection O MIDC Pimpari Pune Formerly SK Palace,"Pimpri MIDC, Pune",4.5,35,₹843
Pune,Super Hotel O Khadakwasla Lakeview Formerly Gokul Lodge,"Near Hindon Airport, Bhopura Defence Colony Post office",4.5,8,₹533
Pune,Collection O Laxmi Chowk Hinjewadi,"Hinjewadi Phase 1, Pune",4.5,346,₹612
Pune,Collection O Uptown Hinjewadi,"Hinjawadi Phase, Pune",4.5,644,₹675
Pune,Super Hotel O Manjari Road,"Hadapsar, Pune",4.5,1997,₹751
Pune,Super Collection O Hinjewadi Phase 1 Formerly Mars Venture,"Hinjewadi, Pune",4.1,657,₹750
Pune,Super Hotel O Laxmi Chowk Hinjewadi,"Hinjewadi, Pune",4.1,917,₹875
Pune,Super Townhouse Hinjewadi Corporate Stays,"Hinjewadi Phase 1, Pune",4.6,986,₹764
Pune,Super Townhouse Lohegaon Near Pune Airport Formerly Landmark Regency,"Lohegaon, Pune",4.7,1107,₹944
Pune,Townhouse Chakan MIDC Pune Formerly Renuka Executive,"Near Rajgurunagar Bank, Talegaon-Chakan Rd, Pune",4.5,365,₹935
Pune,Super Townhouse Amanora Park Town Formerly Samrat Inn,"Amanora-Hadapsar, Pune",4.6,1011,₹1152
Pune,Super Collection O Ubale Nagar,"Near Mahalaxmi Laws, shiv sagar veg restaurant,Renault services,lane no-18 Ubale Nagar",4.5,634,₹1034
Pune,Super Hotel O Talegaon MIDC Formerly Goodluck Lodge,"Near Gestamp Company, Takwe Bk, Pune",4.5,11,₹698
Pune,Townhouse OAK Gharonda Residency Near Sant Tukaram Nagar Metro Station,"Pimpri Chinchwad, Pune",4.4,532,₹1677
Pune,"Palette Hotel Pune, MIDC Chinchwad","Pimpri-Chinchwad, Pune",4.5,2,₹2032
Pune,Palette Magarpatta City Formerly Emerald Guestimony,"Magarpatta City, Pune",4.4,344,₹1950
Pune,Hotel O Western Avenue Pune Formerly Happy Stay,"Thergaon, Pune",4.4,143,₹1694
Pune,Collection O Magarpatta City Formerly Ekab Hospitality,"The Cosmopolis, next to amanora town, opposite seasons mall, Magarpatta, Hadapsar",4.4,7,₹855
Pune,Super Collection O Manjari - Mundhwa Road Formerly 7 Treats,"Z Corner Beside G-mall, Manjari",4.5,867,₹695
Pune,Super Townhouse Viman Nagar Business Stay Formerly Silver Crest,"Near Town square Mall, Airport Road, Pune",4.5,131,₹1741
Pune,Townhouse Oak Viman Nagar Formerly Kuber Inn,"Viman Nagar, Pune",4.4,935,₹1854
Pune,Super Townhouse Oak Pune Railway Station Formerly Kapil Residency,"Near Pune Railway Station, Pune",4,284,₹1159
Pune,Hotel O Hinjewadi Kirti Classic Gate,"Hinjewadi, Pune",4.5,355,₹593
Pune,Super Collection O Alandi Bus Stand Pune Formerly Kaveri Executive Lodging,"Alandi, Pune",4.5,36,₹692
Pune,Super Collection O Aundh formerly MV Galaxy,"Aundh, Pune",4.3,779,₹1103
Pune,Super Townhouse Oak Prabhat Road,"FP No 42B, CTS 114B, Erandwane, Shivaji Nagar Prabhat Road",4.5,789,₹2441
Pune,Super Townhouse Oak Sinhgad Road Crossway Formerly Popular Hotel,"Parinay Complex, Sinhagad Road, Pune",4.4,178,₹1215
Pune,Townhouse Oak Gravity Inn,"Baner, Pune",3.7,90,₹1529
Pune,Townhouse Oak JM Road Formerly Krishna presidency,"Near Shivaji Nagar, Pune",3.6,412,₹1681
Pune,Collection O Balewadi formerly Woods Regency,"Balewadi, Pune",4.5,284,₹878
Pune,Super Townhouse Pimple Nilakh Pune,"Ulhasnagar 3, Pune",4.4,436,₹757
Pune,Super Collection O Pune Nagar Road Viman Nagar Formerly Ananta Sagar,"Near Phoenix Mall, Pune",4.6,312,₹2319
Pune,Hotel O Sai inn 2,"Hinjewadi, Pune",4.4,638,₹636
Pune,Super Townhouse Ambegaon Road Katraj Formerly White Castle,"Katraj, Pune",4.5,1951,₹959
Pune,Collection O Blue Ridge Hinjewadi,"Hinjewadi, Pune",4.5,155,₹857
Pune,Hotel O  Pioneer 2,"Hinjewadi Phase -1, Pune",4.4,43,₹615
Pune,Super Collection O Katraj Bus Stop Formerly Indu Ville,"Budruk, Pune",4.5,528,₹885
Pune,Super Townhouse Oak Hadapsar,"Near South Indian Bank, Hadapsar, Pune",4.4,797,₹1056
Pune,Townhouse Balewadi Stadium Pune Formerly Hotel Sarovar,"Mahalunge - Balewadi Metro Station, Pune",4.5,162,₹928
Pune,Hotel O R K Hotel,"Near Gurudwara Chowk, Walekerwadi Main Road, Pune",4,398,₹816
Pune,Super Collection O Baner Hillview Pune Formerly Siri Lodge,"Baner, Pune",4.4,136,₹1156
Pune,Collection O Veerbhadra Nagar Baner,"Veerbhadra Nagar- Baner, Pune",4.6,287,₹1250
Pune,Super Townhouse Hadapsar Formerly Savali Inn,"Hadapsar, Pune",4.5,584,₹1315
Pune,Super Hotel O Pioneer,"Dange Chowk, Pune",4.3,710,₹939
Pune,Hotel O Aru Sai,"Hadapsar, Pune",3.9,1108,₹769
Pune,Super Townhouse Somani TC,"Near JSPM Collage, Tathawade, Pune",4.5,1222,₹1274
Pune,Hotel O Kamini,"Chinchwad, Pune",4.2,1226,₹947
Pune,Super Collection O Talwade Corpoarte Homestay,"Pimpri Chinchwad, Pune",4.8,83,₹1095
Pune,Townhouse Alpha,"Beside Xion Mall, Near D-Mart , Hinjewadi-Wakad Road, Pune",4.6,1038,₹1033
Pune,Super Collection O Baner Formerly Seven Hills,"Near Bio-Diversity Park, Pune",4.6,408,₹1326
Pune,Hotel O Arusai Inn,"Dange Chowk Datta Mandir Road, Pune",4.1,514,₹1012
Pune,Super Hotel O KP Pride,"Chikhli , Pune",4.5,582,₹916
Pune,Super Collection O Warje Pune Formerly Choice Guest house,"NDA Road, Pune",4.1,54,₹1326
Pune,Hotel O Span Executive,"Near Maruti Mandir, Revenue Colony, Pune",3.3,612,₹1423
Pune,Super Hotel O Pune Kasarwadi Railway Station,"Pimpri-Chinchwad, Pune",4.5,202,₹1118
Pune,[Day Stay - 12 Hrs Slot: 8 AM to 8 PM] Collection O Chakan MIDC Pune,"Talegaon-Chakan Road, Pune",,,₹775
Pune,Collection O Rajdhani Hotel,"Near SBI, Somwar Peth, Pune",4.6,203,₹1417
Pune,Super Collection O Katraj Near KK Market,"Dhankawadi Katraj, Pune",4.2,717,₹1226
Pune,Hotel O Homes Vardhan House 2,"Baner road, Pune",4.6,231,₹1360
Pune,Super Collection O Grey House,"Pune, Pune",4.5,235,₹1355
Kolkata,Collection O NSCB International Airport Formerly Raj Guest House,"Kolkata International Airport  Gate no 2, Beside Phoenix Hospital & Diagnostics  11 Nirmal Sengupta Sarani Kolkata West Bengal",4.6,130,₹645
Kolkata,Hotel O Beleghata Formerly Santoshi Banquet And Marriage Hall,"Dr. Suresh Chandra Banerjee Road, Kolkata",4.7,613,₹902
Kolkata,Super Collection O Jyotirindra Nandi Metro Station Kolkata Formerly Hotel Manurama,"Santoshpur, Kolkata",4.6,108,₹769
Kolkata,Super Collection O Tollygunge Metro Station Kolkata Formerly Mahamaya Step Inn,"Paschim Putiary, Kolkata",4.6,30,₹739
Kolkata,Super Hotel O Kolkata Near Acropolis Mall Formerly 7 Horse GH,"E.K.T, Kolkata",4.8,1196,₹1157
Kolkata,Hotel O Swami Vivekananda University Kolkata,"Parganas, Kolkata",4.6,37,₹561
Kolkata,Super Hotel O Hiland Park Formerly Ayush Villa,"Sonali Park, Kolkata",4.9,1237,₹805
Kolkata,Super Townhouse VIP Road Formerly The Sky,"Near Rani Tower, Tegharia, Kolkata",4.7,2178,₹1039
Kolkata,Super Townhouse Parkstreet Formerly Hotel Royal Garden,"Near Jameson Inn, Park St, Kolkata",4.6,2028,₹1068
Kolkata,Super Townhouse Science City Formerly Hotel Mannat International,"Topsia Crossing, Kolkata",4.6,1386,₹1154
Kolkata,Collection O Dattapukur Railway Terminal Kolkata,"Jirat, Kolkata",4.6,12,₹595
Kolkata,Townhouse Belgharia Railway Station Kolkata Formerly BN Palace,"Sukanta Pally Belghoria Expressway, Kolkata",4.4,705,₹1353
Kolkata,Townhouse Madhyamgram Chowmatha Bus Terminal Kolkata Formerly Star Guest House,"Chowmatha Bus Terminal, Kolkata",4.6,1,₹822
Kolkata,Super Collection O Belgacihia Near Kolkata Railway Station,"Near Belgachia Metro Station, Kolkata",4.9,755,₹1208
Kolkata,Super Collection O Salt Lake,"Near 4 no. Tank Island, AE Block",4.5,1253,₹1677
Kolkata,Super Townhouse Oak DLF Newtown Bus Terminal,"North Twenty Four Pargana, Kolkata",4.6,275,₹1750
Kolkata,Hotel O Santoshpur Lakeview Formerly Bellavita Guest House,"Santoshpur, Kolkata",,,₹1428
Kolkata,Super Collection O Park Circus,"Near Quest Mall, Karaya Road, Kolkata",4.9,1233,₹1483
Kolkata,Collection O Dalhousie Square Kolkata Formerly G.N Palace,"24 RN Mukherjee Road,Bentick Street Cormer, Mission Row Extension",3.9,22,₹1511
Kolkata,Super Collection O Biswa Bangla Kolkata Formerly Dream Palace,"Newtown, Kolkata",4.6,486,₹1474
Kolkata,Super Hotel O Tagore Park Laskarhat Formerly Shankar Guest House,"Picnic Garden Road, Kolkata",4.7,869,₹987
Kolkata,Super Hotel O Serampore Railway Station Formerly Rupashi Guest House,"Serampore, Kolkata",4.5,399,₹1612
Kolkata,Super Collection O Hotel Aqua Villa Near Netaji Subhash Chandra Bose International Airport,"Chinarpark, Kalipark, Bablatola, Lalkuthi, Naranyapur",4.7,1099,₹633
Kolkata,Super Collection O Minto Park Formerly Hotel Gardenia,"Near Laxminarayan Temple, Sarat Bose Road, Kolkata",4.6,1426,₹1172
Kolkata,Super Collection O Ruby Formerly Hiland International,"Near Acropolis Mall, Rajdanga Main Road, Kolkata",4.4,3083,₹987
Kolkata,Super Townhouse Oak Ballygunge Formerly Hotel Lovelock,"Ballygunge, Kolkata",4.6,868,₹3551
Kolkata,Super Collection O Kalighat Metro Station Formerly RM Guest Home,"Raja Basanta Roy Road, Kolkata",4.6,34,₹1700
Kolkata,Collection O Circus Avenue Road Formerly Hotel Rockstar,Kolkata Opposite Bangladesh High Commission) Near A.J.C Bose Flyover,4.2,918,₹1519
Kolkata,Super Townhouse Oak Sealdah Railway Station Near Creek Row,"Sir Nilratan Sarkar Lane, Kolkata",4.6,126,₹1227
Kolkata,Super Collection O Howrah Botanical Garden Formerly Tanima Villa,"Howrah, Kolkata",4.5,913,₹1347
Kolkata,Super Hotel O Sarat Bose Road Formerly Shree Guest House,F,4.6,2137,₹983
Kolkata,Super Hotel O Red Stone Near Netaji Subhash Chandra Bose International Airport,"Chinar Park, Airport, Near Bablatala Petrol Pump, Narayanpur Kolkata",4.7,1216,₹613
Kolkata,Collection O Techno India University Saltlake Formerly A&M Regency,"Bidhannagar, Kolkata",4.6,21,₹997
Kolkata,Super Collection O Mourigram Near Andul Road,"Howrah, Kolkata",4.5,1871,₹987
Kolkata,Super Hotel O Baguiati Formerly GR Hospitality,"VIP Road Baguihati Kolkata Airport Near Ladies Hostel, Narayantala",4.7,957,₹987
Kolkata,SPOT ON Gouranga Guest House,"Deshbandhu Nagar, Kolkata",4.6,60,₹650
Kolkata,Super Hotel O Kabardanga More Kolkata Formerly Royal Crown Banquet,"Near Pavitra Megha Mall, Kolkata",4.8,1260,₹669
Kolkata,Hotel O Marquis Street Formerly BK International,"Near HDFC Bank, Kolkata",4.4,871,₹1092
Kolkata,Super Hotel O Chinar Park Kolkata Formerly Zapper Inn,"Jhowtala Lane, Kolkata",4.9,196,₹587
Kolkata,Collection O City Center New Town Kolkata Formerly Paradise Inn,"Near Chinar Park, Kolkata",4.6,537,₹974
Kolkata,Collection O Kamala Inn Dankuni,"T. N. Mukherjee Road, Near Dankuni Housing & Above Lakhotia Medical Centre Dankuni, Hooghly West Bengal",4.4,1246,₹803
Kolkata,Super Hotel O Narayana RN Tagore Hospital Formerly Lantern Guest House,"South 24 Parganas, Kolkata",4.6,36,₹638
Kolkata,Super Collection O VIP Road Formerly Hotel Heritage,"VIP Rd, Beside Spandhan Hospital, Raghunathpur, Tegharia Netaji International Airport, Rajarhat, Kolkata, West Bengal  700059",4.6,2595,₹828
Kolkata,Super Collection O Bisarjan Ghat Formerly Eden Rocks,"Near Biswabangla Gate, Beside Newtown School, DD Block, Street number 295",4.8,1863,₹980
Kolkata,Hotel O Lenin Sarani,"Methodist Church, Kolkata",4.3,1318,₹968
Kolkata,Super Hotel O Alipore Near Chetla Formerly Alipore Guest House,"Near Raja Santosh Road, Alipore, Kolkata",4.7,1695,₹946
Kolkata,Hotel O Grand Eden,"Eden Court, Complex Centrus, Mall Chakpachuria Road, Water Tank 18 Action Area 2",4.8,411,₹597
Kolkata,Super Collection O New Town Near OM Sweets Formerly Shiva Inn,"Action Area 1, Kolkata",4.5,1552,₹895
Kolkata,Super Townhouse Hotel All In One Near City Centre Salt Lake,DL-34 Karunamoyee Near Anandalok Hospital Bidhannagar Saltlake,5,1825,₹1358
Kolkata,Super Townhouse New Town Near DLF,"North 24 Parganas, Kolkata",4.8,2128,₹977
Kolkata,Super Townhouse Oak Hotel Lake View Royal Near Science City,"Kolkata, Kolkata",4.2,557,₹1624
Kolkata,Super Townhouse Kaikhali Near Airport,"Das Para Airport, Kolkata",4.6,2408,₹823
Kolkata,Super Hotel O Shalimar Railway Junction Howrah,"Howrah, Kolkata",4.6,92,₹1014
Kolkata,Hotel O SHANTINIKETAN,"Action Area I, Kolkata",4.7,550,₹750
Kolkata,Super Hotel O Shalimar Railway Junction Formerly Tanima Villa 2,"Dakhin Buxrah, Kolkata",4.6,286,₹885
Kolkata,Super Hotel O Madhyamgram Railway Junction Formerly Dreamland,"District North 24 Paragnas, Kolkata",4.5,84,₹788
Kolkata,Super Hotel O Star Mall Kolkata Formerly Dreamland,"Muguipur, Kolkata",4.6,69,₹696
Kolkata,Hotel O Tranquil Stay,"Near Alipore guest House, Mangalam, Kolkata",3.3,138,₹1195
Kolkata,Collection O Kolkata Near Dumdum Airport,"Near Dumdum Airport, Kolkata",4.5,1503,₹1077
Kolkata,Super Collection O Chinar Park Near Airport,"Rajarhat, Kolkata",4.7,691,₹1054
Hyderabad,Townhouse Narayanaguda Metro Station Formerly Hotel Anshu Grand,"Near Old MLA Quarters, Himayathnagar, Hyderabad",4.3,766,
Hyderabad,Townhouse Kothapet Formerly Surabhi Elite,"Kothapet, Hyderabad",4.5,318,₹1363
Hyderabad,Townhouse Oak Madhapur Nera Regency,"Madhapur, Hyderabad",4.3,1789,₹1320
Hyderabad,Hotel O by OYO Surya Residency,"Near SR Nagar Police Station, Ameerpet, Hyderabad",4.2,16,₹1326
Hyderabad,Hotel O by OYO Saraswathi Residency Near SR Nagar Metro Station,"Near Nalanda School, S.R. Nagar, Hyderabad",4.3,6,₹1332
Hyderabad,Super Townhouse OAK Hotel Belsons Taj Mahal,"Near Swapnalok Complex, Patny Centre, Hyderabad",4.6,83,₹1763
Hyderabad,Super Collection O Begumpet Formerly Alpine Glow Sunrise,"Near RBI Quarters, Begumpet, Hyderabad",4.4,1000,₹728
Hyderabad,Collection O Hi-Tec City Center Metro Station Hyderabad Formerly Hotel Blue Dawn,"VIP Hills, Madhapur, Hyderabad",4.6,12,₹1268
Hyderabad,Super Collection O Lotus Grand,"Secunderabad, Hyderabad",4.6,497,₹1405
Hyderabad,Hotel O Athithi Inn Near Hyderabad Central,"Near Maithrivanam Complex, Ameerpet, Hyderabad",3.3,264,₹916
Hyderabad,Hotel O Ssr Luxury Rooms,"Beside Vijaya Bank, Hyderabad",3.8,144,₹954
Hyderabad,Hotel O Al shareef Residency,"Near Mir Chowk Police Station, Patthargatti, Hyderabad",2.9,59,₹1116
Hyderabad,Collection O Park Heights Banjara Hills Near Gvk One Mall,"Banjara Hills, Hyderabad",3.7,443,₹822
Hyderabad,Capital O Sri Navya Grand Near Nexus Hyderabad,"Near Cinetown, Miyapur, Hyderabad",3.8,28,₹1066
Hyderabad,Super Townhouse Halcyon Deccan Inn Near Shilparamam,"Madhapur, Hyderabad",4,231,₹1093
Hyderabad,Super Collection O Sharath City Mall Formerly Delight Inn Gachibowli,"Gachibowli-Miyapur Road, Hyderabad",4.6,775,₹1058
Hyderabad,Hotel O Srujana Stay Inn,"Nampally, Hyderabad",3.9,190,₹1045
Hyderabad,Super Capital O Prestige,"Paradise ,Secunderabad",4.6,1274,₹1190
Hyderabad,Palette Naveena Grand Hyderabad,"Near Radhe Nagar, Gachibowli, Hyderabad",4.9,85,₹1708
Hyderabad,Capital O Wild Wings Hotel Near Omni Hospital Lane Nagole main road,Beside Essar Petrol Pump,3.9,24,₹803
Hyderabad,Super Hotel O Erragadda Metro Station Hyderabad Formerly Palak Residency,"Metro Pillar no: A947, 2nd Floor, Beside Erragadda Metro Station, Above Bajaj Showroom, Hyderabad",4.6,291,₹770
Hyderabad,Super Collection O SSR Royal Suites,"Near Andhra Bank, Allwyn Circle, Hyderabad",4.1,334,₹789
Hyderabad,Super Townhouse Ameerpet Balkampet Road,"Near Satyam Theatre, Ameerpet, Hyderabad",4.6,4787,₹834
Hyderabad,Super Capital O Rudra Grand Near Kondapur x Road,"Gachibowli Area, Hyderabad",5,165,₹1605
Hyderabad,Super Hotel O LB Nagar Metro Station Formerly Virat residency,"Chandrapuri Colony, Mansoorabad,Hyderabad",4.5,399,₹688
Hyderabad,Capital O Saharsh Grand Near Shilparamam,"Near VVC Mahindra, Kothaguda, Hyderabad",4.4,318,₹1225
Hyderabad,Hotel O Happy Guest House near LV Prasad eye Hospital,"Near Star Super Market, Banjara Hills, Hyderabad",3.7,127,₹541
Hyderabad,Capital O SRIVEDA,"Near ISKCON Temple, Abids,Hyderabad",3.9,43,₹1357
Hyderabad,Super Collection O KPHB Metro Station Hyderabad Formerly Hillside,"Bhaghyanagar, Hyderabad",4.6,300,₹1152
Hyderabad,Hotel O Rainbow Sapphire,"Near Niloufer Hospital, Lakdikapul, Hyderabad",3.7,2,₹939
Hyderabad,Super Townhouse Lakdikapul,"Near Red Hills, Hyderabad",4.6,1973,₹1197
Hyderabad,Hotel O by OYO Pearl City,"Near Raj Tower, Gowliguda, Hyderabad",4.1,5,₹1187
Hyderabad,Super Townhouse Oak Q-City Techno Park,"Near U.S. Consulate General, Hyderabad",4.6,190,₹1054
Hyderabad,Hotel O by OYO New Banjara Residency,"Near City Centre, Banjara Hills, Hyderabad",3.3,6,₹846
Hyderabad,Hotel O Anuguna Tulasi Grand Near JNTU University Hyderabad,"Near Prathima Hospital, Kukatpally, Hyderabad",3.9,689,₹1014
Hyderabad,Super Hotel O MG Road Raniganj Formerly Holiday Hotel,"M.G Road, Near Rani Gunj X road, Opp. Punjab National Bank, Secunderabad, Hyderabad",4.6,879,₹875
Hyderabad,Super Capital O Hoysala Inn,"Kompally, Hyderabad",4.5,61,₹2253
Hyderabad,Collection O Millennium Grand,"Near D-mart, Miyapur, Hyderabad",4.3,48,₹2312
Hyderabad,Super Hotel O Nav Bharath Residency,"Near Central Gurudwara Saheb, Gowliguda, Hyderabad",4.3,153,₹960
Hyderabad,Super Townhouse Vanasthalipuram Formerly Hotel Surabhi,"Near Vishnu Theatre, Vijayawada Highway,Hyderabad",4.8,1938,
Hyderabad,Hotel O by OYO D' Jade,"Near ICFAI Campus,Shankarapalli Road, Hyderabad",4.1,12,₹1131
Hyderabad,Super Hotel O Gokul Grand Near SR Nagar Police Station,"Near SR Nagar Police station, Ameerpet, Hyderabad",4.5,404,₹1410
Hyderabad,Super Hotel O Golden Hive Madhapur Near Shilparamam,"Near Hitech city, Ayyapa Society",4.7,520,₹1079
Hyderabad,Hotel O by OYO Happi Stay Inn,"Abhyudaya Nagar, Hyderabad",4.1,22,₹842
Hyderabad,Hotel O The  Gate,"Below Flyover, Railway station 1, Begumpet, Hyderabad",3.6,222,₹630
Hyderabad,Super Collection O Secunderabad-II,"Near Veg Market, Bowenpally, Hyderabad",4.5,1937,₹902
Hyderabad,Hotel O by OYO Shiridi Residency,"Near Chermas, Abids, Hyderabad",4.1,19,₹1154
Hyderabad,Hotel Blue House,"Near Sanjeevini Hospital, Kothapet road, Hyderabad",4.1,167,₹929
Hyderabad,Hotel O Sahasra Residency Near Nexus Hyderabad,"Near KPHB Metro Station, Dominos Pizza Building, Beside South India shopping mall, Hyderabad",4,490,₹1047
Hyderabad,Super Hotel O Qualia Inn Kondapur Near Botanical Garden,"Gachibowli,botanical garden,Hyderabad",4.8,264,₹833
Hyderabad,Collection O Jubilee Banjara Suites,"Near American Hospital, Banjarahills, Hyderabad",4,309,₹1042
Hyderabad,Hotel O Alpine Glow Heights,"Near Excel Hospitals, Alwal, Hyderabad",4.1,296,₹623
Hyderabad,Super Capital O Sri Suprabhat Grand Near Kachiguda Railway Station,"Nera Venkataramana Theater, Hyderabad",3.9,44,₹1154
Hyderabad,Hotel O by OYO Sree Radha Lodge Near Snow World,"Near Guru dwara, Shivaji Nagar, Hyderabad",4,25,₹777
Hyderabad,Super Townhouse Red Hills Lakdikapul Formerly Sitara Grand,"Near Red Hills, Lakdikapul, Hyderabad",4.2,1946,₹969
Hyderabad,Hotel O Srinidhi Inn,"Near Metro railway station, Bharat Nagar, Hyderabad",3.1,135,₹630
Hyderabad,Super Collection O Victoria Memorial Metro Station Formerly Shanthaa Residency,"Near Vajrala complex, Kothapet., Hyderabad",4.6,1158,₹616
Hyderabad,Hotel O Raja Residency Near Snow World,"Near Raja Deluxe Complex, Musheerabad, Hyderabad",4.2,681,₹816
Hyderabad,Hotel O Sai Residency Near SR Nagar metro station,"Near Sr nagar metro station, Jawahar Nagar, Hyderabad",3.1,161,₹749
Hyderabad,Super Collection O Erragadda Metro Station Formerly Golden Gate,"Near Sanath Nagar, Hyderabad",4.6,649,₹624
Ahmedabad,Palette River Front Railway Station Formerly Host Inn,"Khanpur, Ahmedabad",4.7,2531,₹1094
Ahmedabad,Super Hotel O Jamalpur Ahmedabad Formerly Hotel Peace,"Near Kalupur Station, Jamalpur, Ahmedabad",5,1094,₹1016
Ahmedabad,Collection O Airport Road Formerly Hotel Kyra,"Near Indira Bridge Circle, Airport-Gandhinagar Road, Ahmedabad",4.7,1525,₹810
Ahmedabad,Super Collection O Maninagar Formerly Park Land,"Maninagar, Ahmedabad",4.9,1857,₹945
Ahmedabad,Super Collection O Maninagar East Formerly Maninagar Residency,"Maninagar, Ahmedabad",4.7,1258,₹668
Ahmedabad,Collection O Ahmedabad Airport Formerly Hotel Runway Inn,"Opp. Sardarnagar Police Station Near International Airport, Ahmedabad",4.7,437,₹1497
Ahmedabad,Hotel O Rudra Palace,"B S G Highway, Ahmedabad",3.6,68,₹1103
Ahmedabad,Hotel O C3 Celebration City Centre,"Near Bopal Police Station, Ahmedabad",4.3,61,₹946
Ahmedabad,Hotel O Vanya Palace,"Odhav, Ahmedabad",3.7,18,₹627
Ahmedabad,Super Townhouse Prahladnagar,"Near Shell Petrol Pump, Jivaraj Park, Ahmedabad",4.5,2358,₹1667
Ahmedabad,Hotel O Shreenath,"Near Torrent Power, S. P. Ring Road, Ahmedabad",5,2,₹866
Ahmedabad,Hotel O Dream Space,"Ahmedabad, Ahmedabad",4.1,94,₹939
Ahmedabad,Hotel O by OYO Apollo,"Near Municipal Market, Navrangpura, Ahmedabad",4,129,₹951
Ahmedabad,Super Hotel O bhanu Villa,"Navrangpura, Ahmedabad",4.5,131,₹1134
Ahmedabad,Super Hotel O Vibrant Residency,"Near Vaibhav Laxmi Temple, Thaltej, Ahmedabad",4.4,178,₹1032
Ahmedabad,Hotel O Skyland,"5th Floor, Bhavya Shopping Complex, Opp- Govt Tubewell, Bopal, Ahmedabad-Gujarat",4.6,122,₹1109
Ahmedabad,Hotel O Red Apple,"Near OLD Juna Wadaj Circle, Akansha, Ahmedabad",4.2,132,₹972
Ahmedabad,Hotel O Royal,"India, Ahmedabad",4.2,11,₹826
Ahmedabad,Hotel O Keshav,"Near swastik cross road , OM Complex, Ahmedabad",4.2,53,₹914
Ahmedabad,SPOT ON Hotel Konark,"Singarwa, Ahmedabad",5,4,₹746
Ahmedabad,Hotel O by OYO RamdevGarh Resort,"Sanand, Ahmedabad",4,7,₹1329
Ahmedabad,Hotel O by OYO Star,"Near Webel IT Park, Buddha Park Chowmatha, Kolkata",5,12,₹809
Ahmedabad,Hotel O A1,"Near Swastik Cross road, Navrangpura, Ahmedabad",2.8,12,₹845
Ahmedabad,Clubhouse Nami Residency - Sabarmati Riverfront Ahmedabad,"Near Vs Hospital, V S Hospital, Ahmedabad",4.7,812,₹27332
Ahmedabad,Hotel O by OYO SR Farm,"Near- Jaldhara-3, Ahmedabad",3,1,₹1639
Ahmedabad,Super Hotel O N R,"Near Ganpati Enclave, Jatia, Guwahati",4,26,₹825
Ahmedabad,Hotel O Crystal,"Near Navrangpura Cross Road, Ashram Road, Ahmedabad",4,383,₹602
Ahmedabad,Hotel O Maple view,"Naroda, Ahmedabad",3.2,71,₹655
Ahmedabad,Hotel O by OYO Shaligram,"Vatva GIDC Phase-1, Ahmedabad",4.1,26,₹784
Ahmedabad,Hotel O Kanchan Palace,"Near Ahmedabad Railway Station,  Ashram Road",3.2,119,₹611
Ahmedabad,Hotel O Angel Park,"opp.Sanyas near ellisbridge Ashram Roadnull, Ahmedabad",2.4,6,₹934
Ahmedabad,Hotel O by OYO Happy Stay  Asalali,"Aslali, Ahmedabad",,,₹842
Ahmedabad,Super Hotel O Nana Chiloda Near Airport Formerly Green Valley,"Nana Chiloda, Ahmedabad",4.9,1424,
Ahmedabad,Hotel O Naroda GIDC Formerly Yuvraj,"Nana Chiloda, Ahmedabad",4.7,192,
Ahmedabad,Townhouse Oak Ahmedabad Junction,"Khanpur, Ahmedabad",4.7,12,
Ahmedabad,Hotel O International Airport Ahmedabad,"Hansol, Ahmedabad",5,13,
Ahmedabad,[Day Stay - 12 Hrs Slot: 8 AM to 8 PM] Hotel O Maninagar Railway Station,"Maninagar, Ahmedabad",5,12,
Ahmedabad,Collection O Ransan Circle Near Nana Chiloda,"Ahmedabad, Ahmedabad",,,
Ahmedabad,Collection O Tagore Hall Jamalpur,"Opposite Sardar Patel Market, Ahmedabad",5,13,
Ahmedabad,Hotel O Ambawadi Bus Terminal Near Ahmedabad Airport,"Krishna Complex, Ahmedabad",5,1,
Bangalore,Super Collection O REVA University Rukmini Knowledge Park,"Jala Hobli, Bangalore",5,295,₹610
Bangalore,Hotel O Bangalore Near Reva Circle Formerly CKA Boarding,"Kattigenahalli, Bangalore",4.7,923,₹617
Bangalore,Super Hotel O Hosur Road Near PES University,"South Taluk, Bangalore",4.7,5438,₹516
Bangalore,Super Townhouse RR Nagar,"BEML Layout, Near RNS Engineering college, Rajarajeshwari Nagar, Bangalore",4.4,1791,₹847
Bangalore,Hotel O Srigandhakavalu Formerly Chamundeshwari Lodging,"Srigandhakavalu, Bangalore",4.8,1031,₹896
Bangalore,Super Hotel O Gopalan Mall Bangalore Formerly Gm Comforts,"Madanayakanahalli, Bangalore",4.6,66,₹510
Bangalore,Super Townhouse Hebbal,"Yelahanka Zone, Bangalore",4.3,1583,₹789
Bangalore,Townhouse IIM Bangalore Formerly Hotel Onyx,"Bommanahalli, Bangalore",4.6,32,₹769
Bangalore,Super Townhouse Spruce Hotels Bellandur,"Bellandur, Bangalore",4.6,1092,₹1418
Bangalore,Townhouse Marathalli Formerly Krishna Boutique,"Marathahalli, Bangalore",4.6,3,₹1282
Bangalore,Palette Hotel and Resort Element Mall Bangalore Formerly Blue Diamond,"Rachanahalli, Bangalore",,,₹984
Bangalore,Townhouse MG Road Metro Station Bangalore Formerly Richmond Residency,"Near Brigade Towers, Richmond Road, Bangalore",4.6,17,₹1160
Bangalore,Super Townhouse Indiranagar Formerly Leela Park Domlur,"Domlur, Bangalore",4.7,2091,₹1336
Bangalore,Hotel O Bidadi Railway Junction Bangalore Formerly Ejalla,"Bidadi, Bangalore",4.6,4,₹481
Bangalore,Super Townhouse Kanakpura Road Formerly Panchavati Comforts,"Near Yelachenahalli Metro Station, Bangalore",4.8,3593,₹1323
Bangalore,Super Collection O Manasi Residency,"Bangalore , Bangalore",4.7,90,₹1719
Bangalore,Hotel O Abbigere Bangalore North Formerly MLV Grand,"Shettihalli Yeshwanthpura Hobli, Bangalore",4.5,242,₹484
Bangalore,Collection O Electronic City,"Phase 1, Bangalore",4.4,1539,₹472
Bangalore,Super Townhouse Ulsoor,"Near Halasuru Metro Station, Ulsoor, Bangalore",4.4,1894,₹2744
Bangalore,Super Hotel O Zen Park Bangalore Formerly Maharaja,"Rajarajeshwari Nagar, Bangalore",4.6,14,₹523
Bangalore,Super Townhouse Ulsoor Near Halasuru Metro Station,"Halasuru, Bangalore",4.3,5011,₹1062
Bangalore,Super Hotel O Thimmaiah Rd Rajajinagar,"West Of Chord Road, Shivanagar, Bangalore",4.4,3102,₹936
Bangalore,Hotel O Channasandra Metro Station Formerly Sri Krishna Nilaya,"Near SBI Bank, Kadugodi Post, Bangalore",4.2,554,₹815
Bangalore,Super Hotel O KSR Bengaluru City Junction Formerly Gurudev Residency,"Gandhi Nagar, Bangalore",4.6,977,₹578
Bangalore,Super Hotel O Madavara Metro Station Formerly APS Heritage,"Behind BIEC, Bangalore",4.6,278,₹572
Bangalore,Super Townhouse Oak AECS Layout Brookfield,"Brigade Tech Park, Bangalore",4.5,1840,₹1099
Bangalore,Super Hotel O Kachohalli Gate Formerly SRS Lodge,"Gollarhalli, Bangalore",4.6,56,₹593
Bangalore,Super Hotel O Archana Inn,"Lalbagh, Bangalore",5,1684,₹750
Bangalore,Super Townhouse Koramangala,"Koramangla, Bangalore",4.6,2445,₹1549
Bangalore,Super Collection O 8th Mile Christ University Yeshwantpur,"Shivapura, Bangalore",4.9,2188,₹602
Bangalore,Super Hotel O Bellandur Bangalore,"Near Lane 11, Bengaluru, Bangalore",4.4,2553,₹921
Bangalore,Super Townhouse Oak Electronic City Formerly Hotel Trubell,"Gollahalli, Bangalore",4.4,2436,₹1038
Bangalore,Collection O Rajajinagar Industrial Estate,"Centrally Located, Near A D Halli Park, Housing Board, Bangalore",4.1,436,₹678
Bangalore,Super Townhouse MG Road Near Commercial Street,"Near Kalyan silks commercial street, Bangalore",4.6,2227,₹852
Bangalore,Super Townhouse Oak DLF Newtown Formerly South Square,"Yelenahalli, Bangalore",4.4,2017,₹1028
Bangalore,Super Townhouse Whitefield Railway Station Formerly Kadugudi Whitefield,"East Taluk, Bangalore",4.5,649,₹660
Bangalore,Hotel O PMR Hotel,"Near Thallasary Restaurant, Prasanth Layout, Bangalore",3.7,289,₹755
Bangalore,Super Townhouse Oak Mahadevapura Opposite Phoenix Mall Formerly Grand Wilton Inn,"Hobli, Bangalore",5,5590,₹1722
Bangalore,Super Townhouse Oak Science Gallery Bengaluru Formerly Blue Ocean Residency,"RT Nagar, Bangalore",4.6,180,₹951
Bangalore,Collection O Kalyan Nagar Formerly Prime Square,"Centrally Located, Near Kalyan Nagar Bus Stand, 1st stage, Bangalore",4.5,796,₹749
Bangalore,Super Collection O Indian Music Museum Bangalore Formerly HKH Homes,"Near GR Lavender Apartments, Bangalore",4.6,498,₹760
Bangalore,Super Hotel O Ganakkal Near BGS Hospital Junction Formerly Omkar Global Inn,"Near BGS hospital, Bangalore",4.9,4248,₹617
Bangalore,Hotel O Kodgehalli Railway Station Formerly Brew & Rest Inn,"Bangalore North Taluk, Bangalore",4.6,107,₹693
Bangalore,Super Townhouse BTM Layout Near Madiwala Lake Formerly Q Rooms,"Near BTM Water Tank, Mico Layout, Bangalore",4.8,2123,₹1215
Bangalore,Super Townhouse Jeevan Bima Nagar Indranagar,"Hal, Bangalore",4.6,2594,₹1035
Bangalore,Super Townhouse Sarjapur Road Formerly Hotel Ace,"Near Doddakannelli, Bangalore",4.6,896,₹707
Bangalore,Hotel O Varcity Emerald Near Ragigudda Sri Prasanna Anjaneyaswamy Temple,"Near KEB Colony, BTM Layout 1, Bangalore",3.9,200,₹699
Bangalore,Hotel O PMR Near Ascendas Park Square Mall,"Near Thalaserry Restaurant, Prasanth Layout, Bangalore",4,493,₹755
Bangalore,Collection O Uttarahalli,"Uttarahalli, Bangalore",4.5,523,₹788
Bangalore,Super Townhouse Ramamurthy Nagar Formerly Navya International,"Near Rammamurthynagar Police Station, Bangalore",4.1,9534,₹725
Bangalore,Hotel O Compact Studio Kr Puram Near Phoenix Marketcity,"K R Puram, Bangalore",4.1,249,₹668
Bangalore,Super Collection O Summanahalli Bus Stand Formerly Elevate 58,"Near Summanahalli Bus Stop, Bangalore",4.6,786,₹685
Bangalore,Super Hotel O Jodi Sri Muneshwara Swamy Temple,"Hegganahalli Village, Bangalore",4.6,19,₹636
Bangalore,Townhouse Element Mall Bangalore Formerly Venkat Inn,"HBR Layout, Bangalore",4.2,57,₹693
Bangalore,Super Townhouse Marathahalli Near Sri Nagalingeshwar Swamy Temple Formerly Hotel Avenue,"presently Bengaluru, Bangalore",4.5,1076,₹952
Bangalore,Hotel O Dasarahalli Metro Station Bangalore Formerly Megha Ventures,"Venugopala Nagar, Bangalore",4.6,33,₹672
Bangalore,Super Hotel O GRS Hotel,"Near shanthi Nagar bus stand Nimans HOSPITEL  willson Garden Bangalore, Bangalore",4.2,102,₹682
Bangalore,Super Townhouse Reva College University,"Yelahanka Zone, Bangalore",4.9,4722,₹836
Bangalore,Super Collection O Brookefield Central Formerly Bangalore Inn,"Brookefield, Bangalore",4.9,5878,₹1054
Bangalore,Collection O Kammasandra Gate Bus Terminal Formerly Riches Inn,"Kammasandra, Bangalore",4.6,2,₹584
Chennai,Super Hotel O Janappanchatram,"Janappachathiram Koot Road, Chennai",4.4,988,₹574
Chennai,Collection O Silver Key Executive,"Perumbakkam, Chennai",3.5,205,₹593
Chennai,Hotel O Manali Crossway Chennai,"Shastri Nagar, Chennai",4.8,118,₹533
Chennai,Collection O Velachery Railway Junction Formerly Vijay Guest House,"Near Annai Velamkanni school, Keelkattalai, Chennai",4.5,145,₹660
Chennai,Collection O Yash Inn,"2, Thiruvalluvar Salai, TNHB, Sholinganallur,OMR",3.8,146,₹575
Chennai,Collection O Mappedu Chennai Formerly Nitas Business Hotel,"Kilacheri, Chennai",4.6,20,₹536
Chennai,Hotel O ECR Chennai Kanathur,"Kanchipuram, Chennai",4.3,955,₹585
Chennai,Super Hotel O Nemeli Road Sriram Nagar,"Sriperumbathur, Chennai",4.6,1007,₹645
Chennai,Super Hotel O Sriperambadhur Formerly Radha Residency,"Sri Perumbathur, Chennai",4.9,830,₹823
Chennai,Super Townhouse T Nagar Chennai,"Near tnagar bus stop, Parthasarathi Puram, Chennai",4.6,2314,₹1459
Chennai,Townhouse Chennai Outer Ring Road Formerly Radha Jayam Residency,"Kanchipuram, Chennai",,,₹1017
Chennai,Hotel O Madipakkam Lakeview Chennai Formerly Ganesh Mahal,"Medavakkam Main Road, Chennai",,,₹741
Chennai,Hotel O Nanmangalam Forestview Chennai Formerly Dap Apartment,"Tamrabaram, Chennai",,,₹896
Chennai,Super Townhouse Arcot Road Near Kauvery hospital,"Near Kesavardhini Bus Stop, Valasaravakkam, Chennai",4.4,1496,₹1474
Chennai,Super Collection O Vadapalani Formerly Mahalakshmi Inn,"Near Arumbakkam Metro Station, Chennai",4.6,1169,₹807
Chennai,Super Collection O Karumariamman Temple Thiruverkadu Formerly Sridevi Residency,"Koladi Thiruverkadu, Chennai",4.6,104,₹610
Chennai,Super Hotel O Kilambakkam New Bus Terminal Formerly TAD Homes,"Sriperumbudur Taluk, Chennai",4.9,356,₹561
Chennai,Super Collection O Kelambakkam Near Chettinad Hospital,"Kancheepuram District, Chennai",4.6,347,₹676
Chennai,"Hotel O Karapakkam, Chennai","Sholinganallur,Karapakkam,Chennai.",3.9,296,₹567
Chennai,Super Hotel O Tiruvallur Bus Terminal Formerly SK Vinoth Mahal,"Tiruvallur, Chennai",4.6,25,₹510
Chennai,Super Townhouse Guduvancheri Junction Formerly Zafe Commercial,"Chengalpattu District, Chennai",4.5,154,₹1022
Chennai,Townhouse Passport Office Saligramam Formerly K.K Nagar Residency,"Shivan Park, Chennai",4.6,29,₹1014
Chennai,Super Townhouse Oak Alandur Near Chennai Airport Formerly Vijay Park,"Near Alandur Court, Alandhur, Chennai",4.6,4200,₹1261
Chennai,Super Collection O Nanmangalam Lake Formerly Vasantham Guest House,"Near Nanmangalam Lake, Thirumalai Nagar, Chennai",4.6,141,₹902
Chennai,Super Hotel O Triplicane Formerly Park Royal,"Triplicane, Chennai",4.5,1105,₹887
Chennai,Super Collection O Chidambaram Stadium Formerly Hotel Admire Suit,"Triplicane, Chennai",4.7,428,₹752
Chennai,Super Hotel O Karanodai Formerly Sri Vari Rooms,"Near GT Road, Asansol",4.5,96,₹609
Chennai,Super Collection O Sathyabama University Sithalapakkam Formerly Srinivasa Residency,"Sithalapakkam, Chennai",4.6,445,₹731
Chennai,Hotel O Elite Residency Near Chennai International Airport,"Near Meenabakkam Metro Station, Nanganallur, Chennai",4,475,₹940
Chennai,Super Collection O Kundrathur Near Murugan Temple,"Manancherry, Chennai",4.6,549,₹764
Chennai,Collection O Elite Residency,"Nalur toll Plaza, Chennai",3.7,181,₹603
Chennai,Super Collection O OMR Perungudi Thiruvanmiyur Beach,"Sholinganallur, Chennai",4.4,2914,₹807
Chennai,Super Townhouse Oak Kodambakkam Formerly Cine City,"Near Railway Station, Chennai",4.8,859,₹2420
Chennai,Super Hotel O Purasaiwalkam,"Near Jain Temple, Purasaiwakkam, Chennai",4.7,1434,₹811
Chennai,Collection O Nibav Beach View,"Near Nibav beach ECR Soolerikadu, Chennai",4.5,359,₹794
Chennai,Super Hotel O Cooum Riverview Chennai Formerly Nimalan Residency,"Arumbakkam, Chennai",4.3,129,₹726
Chennai,Hotel O Eswar Residency,"Thiruverkadu, Chennai",4.1,362,₹624
Chennai,Hotel O Tiara Grand,"83, 3rd Cross St, Varalakshmi Nagar, Sentamil Nagar, Maduravoyal",3.7,248,₹633
Chennai,Super Collection O Ambattur Near Patravakam Railway Station,"Ambattur, Chennai",4.6,963,₹856
Chennai,Super Hotel O Porur Formerly Jeya's Elite,"Kamala Nagar, Porur, Chennai",4.6,1070,₹856
Chennai,Super Townhouse Koyambedu Metro Station Chennai Formerly SR Residency,"Nerkundram, Chennai",4.9,89,₹709
Chennai,SPOT ON JAYAM RESIDENCY,Near Arumbakkam Metro Station,3.6,354,₹880
Chennai,Super Townhouse Vanagaram Apollo Hospital Chennai Formerly V Hotels & Restaurant,"Vanagaram, Chennai",4.8,118,₹708
Chennai,Super Hotel O Oragadam Industrial Estates Chennai Formerly SSM Rooms,"Near Perumalpattu - Kottamedu Road, Chennai",4.6,19,₹584
Chennai,Super Collection O Vadapalani Metro Station Formerly Pineapple Guest House,"Vadapalani, Chennai",4.5,387,₹1018
Chennai,Hotel O Raaj Residency,"Pallavaram, Chennai",3.4,264,₹651
Chennai,Capital O Jayam Residency,"Pallavaram,Chennai",3.6,353,₹836
Chennai,Super Collection O Guduvancheri Railway Station,"Near Medanta Hospital, Medicity, Gurgaon",4.6,532,₹978
Chennai,Super Hotel O Sholinganallur Near Anjaneya Temple,"Sholinganallur, Chennai",4.6,1243,₹740
Chennai,Hotel O Elite Residency,"Rajan Nagar, Chennai",3.7,170,₹542
Chennai,Super Hotel O Chennai Central Railway Station Formerly Annakilly Tower Guest House,"Near Thanjai Murugappa Chetty Street, Park Town, Chennai",4.5,550,₹1104
Chennai,Super Townhouse Nanganallur Near Chennai Airport,"Near Airport, Nanganallur",4.6,1372,₹1092
Chennai,Super Hotel O Arcot Road Kauvery Hospital Porur Formerly Jeyas Residency,"Near Honda Show Room, Chennai",4.8,1431,₹762
Chennai,Super Hotel O Villivakkam Railway Station Formerly BV Stayz,"Villivakkam, Chennai",4.6,285,₹859
Chennai,Hotel O Grand Residency,"Near By Kamatchi Hospital, kamakotti Nagar , Pallikaranai, Chennai.",4.2,312,₹542
Chennai,Hotel O Eswar Guest House Padur,"Kelambakkam , Chennai",3.9,135,₹806
Chennai,Hotel O Eswar Guest House,"India , Chennai",4.2,183,₹672
Chennai,Super Townhouse Medavakkam Near Jayachandran,"Near Vedanta School, Medavakkam,Chennai",4.6,2113,₹845
Chennai,Super Hotel O Egmore Metro Station Chennai Formerly Harini Lodge,"Egmore, Chennai",4.5,648,₹926
Chennai,Super Hotel O Ashok Nagar Metro Station Chennai Formerly G Cloud,"Saligramam, Chennai",4.5,207,₹843
